Premise1_Subject,Premise1_Verb,Premise1_Object,Premise2_Subject,Premise2_Verb,Premise2_Object,If_Clause,If_Subject,Then_Clause,Conclusion_Object
microscope,requires,lens,lens,is made from,glass,if there is,glass,then there can be,microscope
compass,needs,magnet,magnet,requires,iron,if there is,iron,then there can be,compass
smartphone,requires,battery,battery,requires,electrolyte,if there is,electrolyte,then there can be,smartphone
bicycle,uses,chain,chain,requires,sprocket,if there is,sprocket,then there can be,bicycle
airplane,requires,wing,wing,requires,airfoil,if there is,airfoil,then there can be,airplane
refrigerator,requires,compressor,compressor,requires,piston,if there is,piston,then there can be,refrigerator
computer,runs on,processor,processor,is made from,silicon,if there is,silicon,then there can be,computer
router,requires,firmware,firmware,is written in,code,if there is,code,then there can be,router
camera,needs,sensor,sensor,contains,photodiode,if there is,photodiode,then there can be,camera
guitar,requires,strings,strings,are made from,nylon,if there is,nylon,then there can be,guitar
piano,uses,hammers,hammers,are made from,felt,if there is,felt,then there can be,piano
violin,needs,bow,bow,uses,rosin,if there is,rosin,then there can be,violin
book,requires,ink,ink,contains,pigment,if there is,pigment,then there can be,book
radio,uses,antenna,antenna,is made from,copper,if there is,copper,then there can be,radio
television,requires,display,display,contains,pixel,if there is,pixel,then there can be,television
satellite,needs,transponder,transponder,uses,oscillator,if there is,oscillator,then there can be,satellite
submarine,requires,ballast,ballast,contains,water,if there is,water,then there can be,submarine
drone,uses,propeller,propeller,requires,blade,if there is,blade,then there can be,drone
rocket,requires,fuel,fuel,requires,oxidizer,if there is,oxidizer,then there can be,rocket
lighthouse,needs,lamp,lamp,requires,bulb,if there is,bulb,then there can be,lighthouse
windmill,requires,rotor,rotor,has,shaft,if there is,shaft,then there can be,windmill
photocell,requires,junction,junction,is made from,semiconductor,if there is,semiconductor,then there can be,photocell
calculator,uses,computer,computer,requires,hardware,if there is,hardware,then there can be,calculator
smartwatch,requires,wristband,wristband,requires,buckle,if there is,buckle,then there can be,smartwatch
pacemaker,needs,electrode,electrode,is made from,platinum,if there is,platinum,then there can be,pacemaker
ventilator,requires,airflow,airflow,is driven by,fan,if there is,fan,then there can be,ventilator
elevator,needs,counterweight,counterweight,is made from,steel,if there is,steel,then there can be,elevator
escalator,uses,steps,steps,require,tread,if there is,tread,then there can be,escalator
thermostat,requires,thermistor,thermistor,uses,oxide,if there is,oxide,then there can be,thermostat
sprinkler,uses,nozzle,nozzle,requires,orifice,if there is,orifice,then there can be,sprinkler
washer,needs,drum,drum,is driven by,belt,if there is,belt,then there can be,washer
dryer,requires,heater,heater,uses,resistor,if there is,resistor,then there can be,dryer
blender,uses,blades,blades,require,alloy,if there is,alloy,then there can be,blender
microwave,needs,heat,heat,uses,electricity,if there is,electricity,then there can be,microwave
oven,requires,heating,heating,requires,element,if there is,element,then there can be,oven
kettle,needs,spout,spout,requires,lip,if there is,lip,then there can be,kettle
toaster,uses,nichrome,nichrome,contains,chromium,if there is,chromium,then there can be,toaster
flashlight,requires,reflector,reflector,needs,mirror,if there is,mirror,then there can be,flashlight
lantern,needs,mantle,mantle,requires,cerium,if there is,cerium,then there can be,lantern
generator,requires,armature,armature,requires,commutator,if there is,commutator,then there can be,generator
powerplant,uses,turbine,turbine,requires,generator,if there is,generator,then there can be,powerplant
engine,requires,ignition,ignition,uses,sparkplug,if there is,sparkplug,then there can be,engine
motor,needs,winding,winding,requires,insulation,if there is,insulation,then there can be,motor
pump,requires,impeller,impeller,requires,shroud,if there is,shroud,then there can be,pump
train,needs,engine,engine,uses,steam,if there is,steam,then there can be,train
furnace,requires,burner,burner,requires,igniter,if there is,igniter,then there can be,furnace
boiler,requires,steamdrum,steamdrum,requires,feedwater,if there is,feedwater,then there can be,boiler
seismometer,uses,pendulum,pendulum,requires,pivot,if there is,pivot,then there can be,seismometer
barometer,requires,mercury,mercury,occurs in,cinnabar,if there is,cinnabar,then there can be,barometer
thermometer,needs,thermocouple,thermocouple,uses,wire,if there is,wire,then there can be,thermometer
hygrometer,requires,hair,hair,contains,keratin,if there is,keratin,then there can be,hygrometer
altimeter,uses,pressure,pressure,is measured in,pascal,if there is,pascal,then there can be,altimeter
chronometer,needs,escapement,escapement,uses,pallet,if there is,pallet,then there can be,chronometer
nutrient,requires,food,food,requires,meal,if there is,meal,then there can be,nutrient
accelerometer,needs,proofmass,proofmass,requires,spring,if there is,spring,then there can be,accelerometer
spectrometer,requires,grating,grating,has,groove,if there is,groove,then there can be,spectrometer
centrifuge,needs,bucket,bucket,requires,latch,if there is,latch,then there can be,centrifuge
incubator,requires,shelf,shelf,is made from,aluminum,if there is,aluminum,then there can be,incubator
defibrillator,needs,capacitor,capacitor,uses,dielectric,if there is,dielectric,then there can be,defibrillator
salad,requires,leaf,leaf,is made from,plant,if there is,plant,then there can be,salad
syringe,needs,plunger,plunger,is made from,rubber,if there is,rubber,then there can be,syringe
scalpel,requires,edge,edge,is made from,ceramic,if there is,ceramic,then there can be,scalpel
rope,requires,fiber,fiber,is made from,silica,if there is,silica,then there can be,rope
research,needs,image,image,requires,probe,if there is,probe,then there can be,research
transistor,requires,gate,gate,is made from,polysilicon,if there is,polysilicon,then there can be,transistor
diode,needs,pnjunction,pnjunction,requires,dopant,if there is,dopant,then there can be,diode
resistor,uses,film,film,is made from,carbon,if there is,carbon,then there can be,resistor
capacitor,requires,plates,plates,are made from,foil,if there is,foil,then there can be,capacitor
inductor,needs,core,core,is made from,ferrite,if there is,ferrite,then there can be,inductor
aerial,requires,dipole,dipole,is made from,metal,if there is,metal,then there can be,aerial
speaker,needs,notes,notes,is made from,paper,if there is,paper,then there can be,speaker
headphone,requires,driver,driver,contains,neodymium,if there is,neodymium,then there can be,headphone
microphone,needs,capsule,capsule,contains,electret,if there is,electret,then there can be,microphone
keyboard,requires,switch,switch,uses,membrane,if there is,membrane,then there can be,keyboard
touchscreen,needs,digitizer,digitizer,uses,indiumtinoxide,if there is,indiumtinoxide,then there can be,touchscreen
joystick,requires,potentiometer,potentiometer,provides,resistance,if there is,resistance,then there can be,joystick
gamepad,needs,button,button,uses,dome,if there is,dome,then there can be,gamepad
modem,requires,codec,codec,uses,algorithm,if there is,algorithm,then there can be,modem
switch,requires,backplane,backplane,is made from,pcb,if there is,pcb,then there can be,switch
firewall,needs,ruleset,ruleset,is written in,policy,if there is,policy,then there can be,firewall
server,requires,storage,storage,uses,disk,if there is,disk,then there can be,server
database,needs,index,index,is stored on,page,if there is,page,then there can be,database
compiler,requires,parser,parser,uses,grammar,if there is,grammar,then there can be,compiler
interpreter,needs,lexer,lexer,splits,token,if there is,token,then there can be,interpreter
browser,requires,engine,engine,parses,html,if there is,html,then there can be,browser
chatbot,needs,model,model,is trained on,data,if there is,data,then there can be,chatbot
network,requires,protocol,protocol,defines,header,if there is,header,then there can be,network
blockchain,needs,ledger,ledger,stores,block,if there is,block,then there can be,blockchain
robot,requires,actuator,actuator,uses,servo,if there is,servo,then there can be,robot
rover,needs,wheel,wheel,requires,axle,if there is,axle,then there can be,rover
travel,requires,walk,walk,requires,shoes,if there is,shoes,then there can be,travel
spectroscope,needs,prism,prism,is made from,quartz,if there is,quartz,then there can be,spectroscope
biosensor,requires,bioreceptor,bioreceptor,binds,analyte,if there is,analyte,then there can be,biosensor
photodiode,needs,depletion,depletion,requires,bias,if there is,bias,then there can be,photodiode
microprocessor,requires,cache,cache,stores,instruction,if there is,instruction,then there can be,microprocessor
document,requires,text,text,uses,alphabet,if there is,alphabet,then there can be,document
contract,needs,parties,parties,require,consent,if there is,consent,then there can be,contract
treaty,requires,ratification,ratification,requires,quorum,if there is,quorum,then there can be,treaty
statute,needs,enactment,enactment,requires,legislature,if there is,legislature,then there can be,statute
verdict,requires,jury,jury,requires,oath,if there is,oath,then there can be,verdict
